id,username,profile_link,profile_picture
1,kj29,,
2,Blue Jay 22,,
3,inane,,
4,Bombastik der Teutone,,
5,Carlutch98,,
6,Tanev,,
7,Patrick Kane,,
8,dough teeth,,
9,Go Faulk Yourself,,
10,Alain Vigneault,,
11,Mr. Quacks,,
12,falcon45ca,,
13,Baer.,,
14,Sane33,,
15,OurTimeToShine,,
16,WalkWithElias40,,
17,Caboose,,
18,winterhawks,,
19,Time Lord,,
20,Jaku,,
21,donut47,,
22,Sedinery33,,
23,Zfetch,,
24,ThaManbeast,,
25,canucklax,,
26,Master Mind,,
27,Kurisu,,
28,Monty,,
29,JE14,,
30,Spoderman,,